d_loss,epoch,g_loss,step
0.6185157895088196,0,1.4052505493164062,49
0.650814950466156,0,0.9288123846054077,99
0.6387709379196167,0,1.179900050163269,149
0.6208421587944031,0,1.194430947303772,199
0.6161591410636902,0,1.3952288627624512,249
0.5960439443588257,0,1.1911206245422363,299
0.5829302668571472,0,1.118356704711914,349
0.5769243240356445,0,0.9830173254013062,399
0.6028844118118286,0,1.0245137214660645,449
